joueur_id;nom;type_joueur;statut;note_generale_fc27;fc27_url;motif
DFCO_001;Enzo Ketterle;DFCO;ABSENT_DU_FILTRE_DFCO;;;"Fiche absente de la liste FUTWIZ DFCO ; valeurs simulées conservées"
DFCO_002;Paul Delecroix;DFCO;IMPORTE;66;https://www.futwiz.com/fc27/player/paul-delecroix/10308;29 attributs, 6 notes globales et pied importés
DFCO_003;Ylann Marie-Rose;DFCO;IMPORTE;58;https://www.futwiz.com/fc27/player/ylann-marie-rose/21169;29 attributs, 6 notes globales et pied importés
DFCO_004;Tom Meynadier;DFCO;ABSENT_DU_FILTRE_DFCO;;;"Fiche absente de la liste FUTWIZ DFCO ; valeurs simulées conservées"
DFCO_005;Brayan Djadja;DFCO;ABSENT_DU_FILTRE_DFCO;;;"Fiche absente de la liste FUTWIZ DFCO ; valeurs simulées conservées"
DFCO_006;Moussa Faty;DFCO;IMPORTE;62;https://www.futwiz.com/fc27/player/moussa-faty/15002;29 attributs, 6 notes globales et pied importés
DFCO_007;Axel Bargain;DFCO;IMPORTE;58;https://www.futwiz.com/fc27/player/axel-bargain/17986;29 attributs, 6 notes globales et pied importés
DFCO_008;Ismaïl Bouleghcha;DFCO;IMPORTE;63;https://www.futwiz.com/fc27/player/ismail-bouleghcha/13938;29 attributs, 6 notes globales et pied importés
DFCO_009;Lenny Lacroix;DFCO;IMPORTE;63;https://www.futwiz.com/fc27/player/lenny-lacroix/13935;29 attributs, 6 notes globales et pied importés
DFCO_010;Anass Benyahya;DFCO;IMPORTE;58;https://www.futwiz.com/fc27/player/anass-benyahya/17988;29 attributs, 6 notes globales et pied importés
DFCO_011;Waly Diouf;DFCO;IMPORTE;64;https://www.futwiz.com/fc27/player/waly-diouf/12739;29 attributs, 6 notes globales et pied importés
DFCO_012;Quentin Bernard;DFCO;IMPORTE;66;https://www.futwiz.com/fc27/player/quentin-bernard/10311;29 attributs, 6 notes globales et pied importés
DFCO_013;César Obongo;DFCO;IMPORTE;60;https://www.futwiz.com/fc27/player/cesar-obongo/16694;29 attributs, 6 notes globales et pied importés
DFCO_014;Michaël Barreto;DFCO;IMPORTE;66;https://www.futwiz.com/fc27/player/michael-barreto/10310;29 attributs, 6 notes globales et pied importés
DFCO_015;Samy Chouchane;DFCO;IMPORTE;62;https://www.futwiz.com/fc27/player/samy-chouchane/14989;29 attributs, 6 notes globales et pied importés
DFCO_016;Brandon Ndezi;DFCO;IMPORTE;62;https://www.futwiz.com/fc27/player/brandon-nsimba-ndezi/15010;29 attributs, 6 notes globales et pied importés
DFCO_017;Paul Bellon;DFCO;IMPORTE;64;https://www.futwiz.com/fc27/player/paul-bellon/12749;29 attributs, 6 notes globales et pied importés
DFCO_018;Ben-Chayeel Hamada;DFCO;IMPORTE;63;https://www.futwiz.com/fc27/player/ben-chayeel-hamada/13922;29 attributs, 6 notes globales et pied importés
DFCO_019;Jordan Marié;DFCO;IMPORTE;66;https://www.futwiz.com/fc27/player/jordan-marie/10313;29 attributs, 6 notes globales et pied importés
DFCO_020;Adel Lembezat;DFCO;IMPORTE;67;https://www.futwiz.com/fc27/player/adel-lembezat/9098;29 attributs, 6 notes globales et pied importés
DFCO_021;Hugo Vargas-Rios;DFCO;IMPORTE;63;https://www.futwiz.com/fc27/player/hugo-vargas-rios/13920;29 attributs, 6 notes globales et pied importés
DFCO_022;Hatem Mimoune;DFCO;ABSENT_DU_FILTRE_DFCO;;;"Fiche absente de la liste FUTWIZ DFCO ; valeurs simulées conservées"
DFCO_023;Ange Lago;DFCO;ABSENT_DU_FILTRE_DFCO;;;"Fiche absente de la liste FUTWIZ DFCO ; valeurs simulées conservées"
DFCO_024;Ylan Aka;DFCO;IMPORTE;57;https://www.futwiz.com/fc27/player/ylan-aka/18568;29 attributs, 6 notes globales et pied importés
DFCO_025;Julio Tavares;DFCO;IMPORTE;65;https://www.futwiz.com/fc27/player/julio-tavares/11488;29 attributs, 6 notes globales et pied importés
DFCO_026;Alexis Ntamack;DFCO;IMPORTE;63;https://www.futwiz.com/fc27/player/alexis-ntamack/13921;29 attributs, 6 notes globales et pied importés
DFCO_027;Yanis Barka;DFCO;IMPORTE;65;https://www.futwiz.com/fc27/player/yanis-barka/11493;29 attributs, 6 notes globales et pied importés
DFCO_028;Florian Rombogouera;DFCO;IMPORTE;57;https://www.futwiz.com/fc27/player/florian-rombogouera/18564;29 attributs, 6 notes globales et pied importés
DFCO_029;Tyris Dong;DFCO;IMPORTE;59;https://www.futwiz.com/fc27/player/tyris-dong/17439;29 attributs, 6 notes globales et pied importés
DFCO_030;Abd-Elmajid Djae;DFCO;ABSENT_DU_FILTRE_DFCO;;;"Fiche absente de la liste FUTWIZ DFCO ; valeurs simulées conservées"
PRO_001;Lucas Monzon;PROSPECT;IMPORTE;68;https://www.futwiz.com/fc27/player/lucas-monzon/20894;29 attributs, 6 notes globales et pied importés
PRO_002;Cristian Devenish;PROSPECT;IMPORTE;68;https://www.futwiz.com/fc27/player/cristian-devenish/20893;29 attributs, 6 notes globales et pied importés
PRO_003;Nicholas Opoku;PROSPECT;IMPORTE;68;https://www.futwiz.com/fc27/player/nicholas-opoku/20892;29 attributs, 6 notes globales et pied importés
PRO_004;Ian Poveda;PROSPECT;IMPORTE;68;https://www.futwiz.com/fc27/player/ian-poveda/20891;29 attributs, 6 notes globales et pied importés
PRO_005;Serdar Dursun;PROSPECT;IMPORTE;68;https://www.futwiz.com/fc27/player/serdar-dursun/20890;29 attributs, 6 notes globales et pied importés
PRO_006;Paulinho Boia;PROSPECT;IMPORTE;68;https://www.futwiz.com/fc27/player/paulinho-boia/20889;29 attributs, 6 notes globales et pied importés
PRO_007;Ishe Samuels-Smith;PROSPECT;IMPORTE;68;https://www.futwiz.com/fc27/player/ishe-samuels-smith/20888;29 attributs, 6 notes globales et pied importés
PRO_008;Steven Benda;PROSPECT;IMPORTE;68;https://www.futwiz.com/fc27/player/steven-benda/20887;29 attributs, 6 notes globales et pied importés
PRO_009;Dastan Satpayev;PROSPECT;IMPORTE;68;https://www.futwiz.com/fc27/player/dastan-satpayev/20886;29 attributs, 6 notes globales et pied importés
PRO_010;Zymer Bytyqi;PROSPECT;IMPORTE;68;https://www.futwiz.com/fc27/player/zymer-bytyqi/20885;29 attributs, 6 notes globales et pied importés
PRO_011;Nathaniel Chalobah;PROSPECT;IMPORTE;68;https://www.futwiz.com/fc27/player/nathaniel-chalobah/20883;29 attributs, 6 notes globales et pied importés
PRO_012;Luis Sanchez;PROSPECT;IMPORTE;68;https://www.futwiz.com/fc27/player/luis-sanchez/20882;29 attributs, 6 notes globales et pied importés
PRO_013;Julio Gonzalez;PROSPECT;IMPORTE;68;https://www.futwiz.com/fc27/player/julio-gonzalez/20881;29 attributs, 6 notes globales et pied importés
PRO_014;Andreas Weimann;PROSPECT;IMPORTE;68;https://www.futwiz.com/fc27/player/andreas-weimann/20880;29 attributs, 6 notes globales et pied importés
PRO_015;Ivan Ramirez;PROSPECT;IMPORTE;68;https://www.futwiz.com/fc27/player/ivan-ramirez/20879;29 attributs, 6 notes globales et pied importés
PRO_016;Alexandru Matan;PROSPECT;IMPORTE;68;https://www.futwiz.com/fc27/player/alexandru-matan/20877;29 attributs, 6 notes globales et pied importés
PRO_017;Mawuli Mensah;PROSPECT;IMPORTE;68;https://www.futwiz.com/fc27/player/mawuli-mensah/20876;29 attributs, 6 notes globales et pied importés
PRO_018;Junior Sambia;PROSPECT;IMPORTE;68;https://www.futwiz.com/fc27/player/junior-sambia/20875;29 attributs, 6 notes globales et pied importés
PRO_019;Alireza Jahanbakhsh;PROSPECT;IMPORTE;68;https://www.futwiz.com/fc27/player/alireza-jahanbakhsh/20874;29 attributs, 6 notes globales et pied importés
PRO_020;Matteo Ricci;PROSPECT;IMPORTE;68;https://www.futwiz.com/fc27/player/matteo-ricci/20873;29 attributs, 6 notes globales et pied importés
PRO_021;Alejandro Silva;PROSPECT;IMPORTE;68;https://www.futwiz.com/fc27/player/alejandro-silva/20872;29 attributs, 6 notes globales et pied importés
PRO_022;Darlan;PROSPECT;IMPORTE;68;https://www.futwiz.com/fc27/player/darlan/8825;29 attributs, 6 notes globales et pied importés
PRO_023;Kingsley Schindler;PROSPECT;IMPORTE;68;https://www.futwiz.com/fc27/player/kingsley-schindler/8824;29 attributs, 6 notes globales et pied importés
PRO_024;Kenny Dougall;PROSPECT;IMPORTE;68;https://www.futwiz.com/fc27/player/kenny-dougall/8823;29 attributs, 6 notes globales et pied importés
PRO_025;Mateo Sanabria;PROSPECT;IMPORTE;68;https://www.futwiz.com/fc27/player/mateo-sanabria/8822;29 attributs, 6 notes globales et pied importés
PRO_026;Shahruddin Magomedaliyev;PROSPECT;IMPORTE;68;https://www.futwiz.com/fc27/player/shahruddin-magomedaliyev/8821;29 attributs, 6 notes globales et pied importés
PRO_027;Oleksiy Kashchuk;PROSPECT;IMPORTE;68;https://www.futwiz.com/fc27/player/oleksiy-kashchuk/8820;29 attributs, 6 notes globales et pied importés
PRO_028;Joni Montiel;PROSPECT;IMPORTE;68;https://www.futwiz.com/fc27/player/joni-montiel/8819;29 attributs, 6 notes globales et pied importés
PRO_029;Lenny Joseph;PROSPECT;IMPORTE;68;https://www.futwiz.com/fc27/player/lenny-joseph/8818;29 attributs, 6 notes globales et pied importés
PRO_030;Aleksandar Cirkovic;PROSPECT;IMPORTE;68;https://www.futwiz.com/fc27/player/aleksandar-cirkovic/8817;29 attributs, 6 notes globales et pied importés
PRO_031;Endre Botka;PROSPECT;IMPORTE;68;https://www.futwiz.com/fc27/player/endre-botka/8815;29 attributs, 6 notes globales et pied importés
PRO_032;Callum O'Dowda;PROSPECT;IMPORTE;68;https://www.futwiz.com/fc27/player/callum-odowda/8814;29 attributs, 6 notes globales et pied importés
PRO_033;Bence Otvos;PROSPECT;IMPORTE;68;https://www.futwiz.com/fc27/player/bence-otvos/8812;29 attributs, 6 notes globales et pied importés
PRO_034;Dimitris Limnios;PROSPECT;IMPORTE;68;https://www.futwiz.com/fc27/player/dimitris-limnios/8811;29 attributs, 6 notes globales et pied importés
PRO_035;Milos Degenek;PROSPECT;IMPORTE;68;https://www.futwiz.com/fc27/player/milos-degenek/8809;29 attributs, 6 notes globales et pied importés
PRO_036;Pieros Sotiriou;PROSPECT;IMPORTE;68;https://www.futwiz.com/fc27/player/pieros-sotiriou/8808;29 attributs, 6 notes globales et pied importés
PRO_037;Nikolas Panagiotou;PROSPECT;IMPORTE;68;https://www.futwiz.com/fc27/player/nikolas-panagiotou/8807;29 attributs, 6 notes globales et pied importés
PRO_038;Ioannis Kousoulos;PROSPECT;IMPORTE;68;https://www.futwiz.com/fc27/player/ioannis-kousoulos/8806;29 attributs, 6 notes globales et pied importés
PRO_039;Mateo Maric;PROSPECT;IMPORTE;68;https://www.futwiz.com/fc27/player/mateo-maric/8805;29 attributs, 6 notes globales et pied importés
PRO_040;Samuel Velasquez;PROSPECT;IMPORTE;68;https://www.futwiz.com/fc27/player/samuel-velasquez/8804;29 attributs, 6 notes globales et pied importés
PRO_041;Kevin Parra;PROSPECT;IMPORTE;68;https://www.futwiz.com/fc27/player/kevin-parra/8803;29 attributs, 6 notes globales et pied importés
PRO_042;Cesar Haydar;PROSPECT;IMPORTE;68;https://www.futwiz.com/fc27/player/cesar-haydar/8802;29 attributs, 6 notes globales et pied importés
PRO_043;Houssine Rahimi;PROSPECT;IMPORTE;68;https://www.futwiz.com/fc27/player/houssine-rahimi/8801;29 attributs, 6 notes globales et pied importés
PRO_044;Yahya Benkhaleq;PROSPECT;IMPORTE;68;https://www.futwiz.com/fc27/player/yahya-benkhaleq/8800;29 attributs, 6 notes globales et pied importés
PRO_045;Marcel Ratnik;PROSPECT;IMPORTE;68;https://www.futwiz.com/fc27/player/marcel-ratnik/8799;29 attributs, 6 notes globales et pied importés
PRO_046;Rafa Rodrigues;PROSPECT;IMPORTE;68;https://www.futwiz.com/fc27/player/rafa-rodrigues/8798;29 attributs, 6 notes globales et pied importés
PRO_047;Rahul Bheke;PROSPECT;IMPORTE;68;https://www.futwiz.com/fc27/player/rahul-bheke/8797;29 attributs, 6 notes globales et pied importés
PRO_048;Sunil Chhetri;PROSPECT;IMPORTE;68;https://www.futwiz.com/fc27/player/sunil-chhetri/8796;29 attributs, 6 notes globales et pied importés
PRO_049;Florian Pick;PROSPECT;IMPORTE;68;https://www.futwiz.com/fc27/player/florian-pick/8795;29 attributs, 6 notes globales et pied importés
PRO_050;Philipp Forster;PROSPECT;IMPORTE;68;https://www.futwiz.com/fc27/player/philipp-forster/8794;29 attributs, 6 notes globales et pied importés
PRO_051;Joshua Bitter;PROSPECT;IMPORTE;68;https://www.futwiz.com/fc27/player/joshua-bitter/8793;29 attributs, 6 notes globales et pied importés
PRO_052;Joshua Mees;PROSPECT;IMPORTE;68;https://www.futwiz.com/fc27/player/joshua-mees/8792;29 attributs, 6 notes globales et pied importés
PRO_053;Matthias Zimmermann;PROSPECT;IMPORTE;68;https://www.futwiz.com/fc27/player/matthias-zimmermann/8791;29 attributs, 6 notes globales et pied importés
PRO_054;Dawhan;PROSPECT;IMPORTE;68;https://www.futwiz.com/fc27/player/dawhan/8790;29 attributs, 6 notes globales et pied importés
PRO_055;Lucas Maia;PROSPECT;IMPORTE;68;https://www.futwiz.com/fc27/player/lucas-maia/8789;29 attributs, 6 notes globales et pied importés
PRO_056;Guy Mbenza;PROSPECT;IMPORTE;68;https://www.futwiz.com/fc27/player/guy-mbenza/8788;29 attributs, 6 notes globales et pied importés
PRO_057;Alexandru Cimpanu;PROSPECT;IMPORTE;68;https://www.futwiz.com/fc27/player/alexandru-cimpanu/8787;29 attributs, 6 notes globales et pied importés
PRO_058;Lucas Possignolo;PROSPECT;IMPORTE;68;https://www.futwiz.com/fc27/player/lucas-possignolo/8786;29 attributs, 6 notes globales et pied importés
PRO_059;Bruno Viana;PROSPECT;IMPORTE;68;https://www.futwiz.com/fc27/player/bruno-viana/8785;29 attributs, 6 notes globales et pied importés
PRO_060;Zhang Yuning;PROSPECT;IMPORTE;68;https://www.futwiz.com/fc27/player/zhang-yuning/8784;29 attributs, 6 notes globales et pied importés
