joueur_id;nom;type_joueur;club;groupe_poste;gardien;date_reference;date_naissance_simulee;age;taille_cm;poids_kg;pied_fort;personnalite_tags;specialite_tags;langues_parlees;relation_equipe_score;satisfaction_score;satisfaction_motif;fatigue_score;sante_score;statut_sante;indicateur_sante;disponibilite;retour_prevu;nb_blessures_12_mois;affinites_positives_ids;affinites_negatives_ids;provenance_identite;provenance_groupe_poste;provenance_autres_champs;source_url;source_consultee_le;relation_equipe_general;acceleration;vitesse_de_pointe;note_vitesse;placement_offensif;finition;puissance_de_tir;tir_de_loin;volee;penalty;note_frappe;vista;centre;precision_coup_franc;passe_courte;passe_longue;effet;note_passe;agilite;equilibre;reactivite;conduite_de_balle;dribble;calme;note_dribble;interception;precision_de_la_tete;lucidite_defensive;tacle_debout;tacle_glisse;note_defense;detente;endurance;force;agressivite;note_physique;gardien_plongeon;gardien_prise_de_balle;gardien_jeu_au_pied;gardien_reflexes;gardien_sorties;gardien_placement;nom_fc27;note_generale_fc27;poste_fc27;groupe_poste_fc27;fc27_url;fc27_id_fiche;fc27_version_carte;playstyles_fc27_observes;gardien_vitesse;statut_import_fc27;provenance_biometrie;provenance_pied_fort;provenance_attributs;provenance_notes_groupes;provenance_scenario
DFCO_002;Paul Delecroix;DFCO;DFCO;Gardien;1;08/10/2026;26/11/2005;20;192;82.1;Droit;Ambitieux|Calme;Réflexes éclair|Le Mur;français|anglais;38;22;Temps de jeu souhaité;38;85;Disponible;VERT;Match et entraînement;;0;DFCO_001|DFCO_003;DFCO_012;source_publique;source_publique;mixte_voir_provenance.csv;https://www.dfco.fr/effectifs/effectif-pro/;08/10/2026;Tendue;29;26;27;13;8;46;12;12;22;18;47;10;8;48;36;9;34;31;49;62;29;10;36;24;20;10;12;14;13;14;55;30;61;32;47;64;65;61;67;65;66;Paul Delecroix;66;GK;Gardien;https://www.futwiz.com/fc27/player/paul-delecroix/10308;10308;Silver;;28;IMPORTE;simule;fc27_futwiz;fc27_futwiz;fc27_futwiz;simule
DFCO_003;Ylann Marie-Rose;DFCO;DFCO;Gardien;1;08/10/2026;22/04/2008;18;186;77.6;Gauche;Collectif|Compétiteur;Réflexes éclair|Le Mur;français|portugais;61;59;Adaptation en cours;43;96;Disponible;VERT;Match et entraînement;;1;DFCO_025|DFCO_018;DFCO_011;source_publique;source_publique;mixte_voir_provenance.csv;https://www.dfco.fr/effectifs/effectif-pro/;08/10/2026;En intégration;27;24;25;5;5;41;7;9;11;13;29;12;11;22;20;11;20;22;48;44;10;12;33;17;14;14;6;11;12;11;39;24;44;21;34;60;55;54;64;49;56;Ylann Marie-Rose;58;GK;Gardien;https://www.futwiz.com/fc27/player/ylann-marie-rose/21169;21169;Bronze;;26;IMPORTE;simule;fc27_futwiz;fc27_futwiz;fc27_futwiz;simule
DFCO_006;Moussa Faty;DFCO;DFCO;Défenseur;0;08/10/2026;06/02/2008;18;180;74.1;Gauche;Extraverti|Persévérant;Expert Cardio|Jeu aérien;français;58;58;Adaptation en cours;30;87;Disponible;VERT;Match et entraînement;;1;DFCO_003|DFCO_008;DFCO_001;source_publique;source_publique;mixte_voir_provenance.csv;https://www.dfco.fr/effectifs/effectif-pro/;08/10/2026;En intégration;72;68;70;62;58;49;38;37;46;51;51;63;31;54;46;38;52;61;65;49;66;62;58;62;54;41;52;62;60;55;58;76;64;56;65;;;;;;;Moussa Faty;62;LB;Défenseur;https://www.futwiz.com/fc27/player/moussa-faty/15002;15002;Bronze;;;IMPORTE;simule;fc27_futwiz;fc27_futwiz;fc27_futwiz;simule
DFCO_007;Axel Bargain;DFCO;DFCO;Défenseur;0;08/10/2026;24/04/2007;19;176;69.6;Gauche;Collectif|Discret;Expert Cardio|Le Mur;français|anglais;45;71;Projet sportif apprécié;15;85;Disponible;VERT;Match et entraînement;;1;DFCO_004|DFCO_026;DFCO_018;source_publique;source_publique;mixte_voir_provenance.csv;https://www.dfco.fr/effectifs/effectif-pro/;08/10/2026;En intégration;42;46;44;21;24;38;22;26;41;27;30;38;24;53;46;25;41;37;45;48;46;31;43;38;55;64;51;65;55;58;66;51;74;46;62;;;;;;;Axel Bargain;58;CB;Défenseur;https://www.futwiz.com/fc27/player/axel-bargain/17986;17986;Bronze;;;IMPORTE;simule;fc27_futwiz;fc27_futwiz;fc27_futwiz;simule
DFCO_008;Ismaïl Bouleghcha;DFCO;DFCO;Défenseur;0;08/10/2026;05/10/1996;30;169;67.4;Droit;Extraverti|Meneur;Jeu aérien|Expert Cardio;français;62;26;Temps de jeu souhaité;51;39;Blessé;ROUGE;Indisponible;18/10/2026;1;DFCO_007|DFCO_017;DFCO_010;source_publique;source_publique;mixte_voir_provenance.csv;https://www.dfco.fr/effectifs/effectif-pro/;08/10/2026;En intégration;77;70;73;55;43;48;40;35;43;44;53;61;48;55;48;47;54;67;76;54;61;60;59;61;58;52;57;63;61;59;69;71;65;58;65;;;;;;;Ismail Bouleghcha;63;RB;Défenseur;https://www.futwiz.com/fc27/player/ismail-bouleghcha/13938;13938;Bronze;;;IMPORTE;simule;fc27_futwiz;fc27_futwiz;fc27_futwiz;simule
DFCO_009;Lenny Lacroix;DFCO;DFCO;Défenseur;0;08/10/2026;02/04/2001;25;195;82.0;Droit;Ambitieux|Persévérant;Jeu aérien|Expert Cardio;français|portugais;35;40;Temps de jeu souhaité;25;88;Disponible;VERT;Match et entraînement;;2;DFCO_028|DFCO_021;DFCO_006;source_publique;source_publique;mixte_voir_provenance.csv;https://www.dfco.fr/effectifs/effectif-pro/;08/10/2026;Tendue;53;59;56;28;26;56;27;34;39;33;37;27;26;59;45;35;43;41;70;53;53;42;50;48;60;68;64;69;62;65;67;58;66;61;63;;;;;;;Lenny Lacroix;63;CB;Défenseur;https://www.futwiz.com/fc27/player/lenny-lacroix/13935;13935;Bronze;;;IMPORTE;simule;fc27_futwiz;fc27_futwiz;fc27_futwiz;simule
DFCO_010;Anass Benyahya;DFCO;DFCO;Défenseur;0;08/10/2026;01/11/1991;34;182;75.5;Droit;Extraverti|Calme;Le Mur|Expert Cardio;français|espagnol;85;60;Adaptation en cours;7;89;Disponible;VERT;Match et entraînement;;3;DFCO_024|DFCO_015;DFCO_026;source_publique;source_publique;mixte_voir_provenance.csv;https://www.dfco.fr/effectifs/effectif-pro/;08/10/2026;Bonne cohésion;62;59;60;27;25;35;22;27;35;27;31;27;27;53;42;28;39;44;47;51;55;28;45;41;51;61;55;64;61;58;68;63;68;51;63;;;;;;;Anass Benyahya;58;CB;Défenseur;https://www.futwiz.com/fc27/player/anass-benyahya/17988;17988;Bronze;;;IMPORTE;simule;fc27_futwiz;fc27_futwiz;fc27_futwiz;simule
DFCO_011;Waly Diouf;DFCO;DFCO;Défenseur;0;08/10/2026;01/01/1991;35;174;70.2;Droit;Extraverti|Meneur;Jeu aérien|Le Mur;français|arabe;67;85;Projet sportif apprécié;51;97;Disponible;VERT;Match et entraînement;;3;DFCO_023|DFCO_006;DFCO_002;source_publique;source_publique;mixte_voir_provenance.csv;https://www.dfco.fr/effectifs/effectif-pro/;08/10/2026;Bonne cohésion;60;61;61;24;29;42;30;28;39;32;34;34;31;59;53;26;45;40;44;58;61;39;44;47;67;64;61;67;60;64;71;64;71;63;68;;;;;;;Waly Diouf;64;CB;Défenseur;https://www.futwiz.com/fc27/player/waly-diouf/12739;12739;Bronze;;;IMPORTE;simule;fc27_futwiz;fc27_futwiz;fc27_futwiz;simule
DFCO_012;Quentin Bernard;DFCO;DFCO;Défenseur;0;08/10/2026;06/09/2002;24;183;83.5;Gauche;Collectif|Persévérant;Jeu aérien|Le Mur;français|portugais;41;50;Adaptation en cours;54;97;Disponible;VERT;Match et entraînement;;1;DFCO_007|DFCO_006;DFCO_011;source_publique;source_publique;mixte_voir_provenance.csv;https://www.dfco.fr/effectifs/effectif-pro/;08/10/2026;En intégration;51;57;54;57;57;67;53;32;47;56;61;69;59;67;66;49;65;60;64;63;66;60;65;62;63;67;63;65;66;64;70;75;74;65;72;;;;;;;Quentin Bernard;66;CB;Défenseur;https://www.futwiz.com/fc27/player/quentin-bernard/10311;10311;Silver;;;IMPORTE;simule;fc27_futwiz;fc27_futwiz;fc27_futwiz;simule
DFCO_013;César Obongo;DFCO;DFCO;Défenseur;0;08/10/2026;21/09/2004;22;181;76.4;Droit;Extraverti|Persévérant;Le Mur|Expert Cardio;français|anglais;27;66;Projet sportif apprécié;16;92;Disponible;VERT;Match et entraînement;;1;DFCO_016|DFCO_019;DFCO_017;source_publique;source_publique;mixte_voir_provenance.csv;https://www.dfco.fr/effectifs/effectif-pro/;08/10/2026;Tendue;66;70;68;41;34;48;36;28;31;37;40;58;26;60;63;33;53;51;58;51;58;54;46;55;60;56;52;60;56;57;66;53;66;47;59;;;;;;;Cesar Obongo;60;RB;Défenseur;https://www.futwiz.com/fc27/player/cesar-obongo/16694;16694;Bronze;;;IMPORTE;simule;fc27_futwiz;fc27_futwiz;fc27_futwiz;simule
DFCO_014;Michaël Barreto;DFCO;DFCO;Milieu;0;08/10/2026;28/03/2006;20;179;79.1;Droit;Compétiteur|Extraverti;Expert Cardio|Métronome;français|anglais;25;55;Adaptation en cours;46;91;Disponible;VERT;Match et entraînement;;0;DFCO_007|DFCO_009;DFCO_030;source_publique;source_publique;mixte_voir_provenance.csv;https://www.dfco.fr/effectifs/effectif-pro/;08/10/2026;Tendue;64;66;65;66;63;68;64;52;67;64;66;66;66;68;65;60;66;73;72;60;68;67;61;68;51;47;51;49;45;49;58;62;61;55;60;;;;;;;Michael Barreto;66;CAM;Milieu;https://www.futwiz.com/fc27/player/michael-barreto/10310;10310;Silver;;;IMPORTE;simule;fc27_futwiz;fc27_futwiz;fc27_futwiz;simule
DFCO_015;Samy Chouchane;DFCO;DFCO;Milieu;0;08/10/2026;10/10/1994;31;170;70.7;Droit;Calme|Persévérant;Créateur|Expert Cardio;français|portugais;62;53;Adaptation en cours;10;25;Blessé;ROUGE;Indisponible;16/10/2026;3;DFCO_016|DFCO_028;DFCO_006;source_publique;source_publique;mixte_voir_provenance.csv;https://www.dfco.fr/effectifs/effectif-pro/;08/10/2026;En intégration;64;62;63;50;48;54;47;46;52;49;57;53;49;64;60;54;59;63;67;60;63;60;59;62;59;56;61;63;61;61;61;61;57;62;59;;;;;;;Samy Chouchane;62;CDM;Milieu;https://www.futwiz.com/fc27/player/samy-chouchane/14989;14989;Bronze;;;IMPORTE;simule;fc27_futwiz;fc27_futwiz;fc27_futwiz;simule
DFCO_016;Brandon Ndezi;DFCO;DFCO;Milieu;0;08/10/2026;28/06/2002;24;187;84.7;Gauche;Compétiteur|Collectif;Expert Cardio|Métronome;français|anglais;92;27;Temps de jeu souhaité;60;86;Disponible;VERT;Match et entraînement;;0;DFCO_024|DFCO_022;DFCO_018;source_publique;source_publique;mixte_voir_provenance.csv;https://www.dfco.fr/effectifs/effectif-pro/;08/10/2026;Bonne cohésion;67;64;65;58;42;58;48;44;54;48;59;48;52;65;58;62;59;56;54;57;58;60;62;59;63;59;56;65;53;60;71;64;72;68;69;;;;;;;Brandon Nsimba Ndezi;62;CDM;Milieu;https://www.futwiz.com/fc27/player/brandon-nsimba-ndezi/15010;15010;Bronze;;;IMPORTE;simule;fc27_futwiz;fc27_futwiz;fc27_futwiz;simule
DFCO_017;Paul Bellon;DFCO;DFCO;Milieu;0;08/10/2026;11/03/1997;29;170;62.7;Droit;Extraverti|Persévérant;Métronome|Expert Cardio;français;58;84;Projet sportif apprécié;42;60;Réathlétisation;ORANGE;Entraînement adapté;01/11/2026;2;DFCO_012|DFCO_005;DFCO_022;source_publique;source_publique;mixte_voir_provenance.csv;https://www.dfco.fr/effectifs/effectif-pro/;08/10/2026;En intégration;55;62;59;52;50;62;56;51;56;54;65;42;53;70;64;47;61;59;63;61;68;64;61;64;59;50;56;65;65;60;43;58;40;51;47;;;;;;;Paul Bellon;64;CM;Milieu;https://www.futwiz.com/fc27/player/paul-bellon/12749;12749;Bronze;;;IMPORTE;simule;fc27_futwiz;fc27_futwiz;fc27_futwiz;simule
DFCO_018;Ben-Chayeel Hamada;DFCO;DFCO;Milieu;0;08/10/2026;12/07/1996;30;186;76.3;Droit;Compétiteur|Discret;Métronome|Créateur;français|espagnol;94;47;Adaptation en cours;63;38;Blessé;ROUGE;Indisponible;17/10/2026;3;DFCO_028|DFCO_019;DFCO_022;source_publique;source_publique;mixte_voir_provenance.csv;https://www.dfco.fr/effectifs/effectif-pro/;08/10/2026;Bonne cohésion;68;62;65;61;62;62;59;54;58;61;60;49;48;68;63;53;60;55;81;59;65;67;70;66;56;46;49;62;55;55;44;62;39;59;49;;;;;;;Ben-Chayeel Hamada;63;CM;Milieu;https://www.futwiz.com/fc27/player/ben-chayeel-hamada/13922;13922;Bronze;;;IMPORTE;simule;fc27_futwiz;fc27_futwiz;fc27_futwiz;simule
DFCO_019;Jordan Marié;DFCO;DFCO;Milieu;0;08/10/2026;25/12/1993;32;186;84.7;Droit;Meneur|Compétiteur;Expert Cardio|Métronome;français|arabe;95;34;Temps de jeu souhaité;35;94;Disponible;VERT;Match et entraînement;;0;DFCO_005|DFCO_017;DFCO_029;source_publique;source_publique;mixte_voir_provenance.csv;https://www.dfco.fr/effectifs/effectif-pro/;08/10/2026;Bonne cohésion;42;31;36;63;48;65;58;39;33;53;66;61;53;68;64;61;65;67;70;68;68;66;71;67;64;47;63;70;64;64;48;61;58;62;59;;;;;;;Jordan Marie;66;CDM;Milieu;https://www.futwiz.com/fc27/player/jordan-marie/10313;10313;Silver;;;IMPORTE;simule;fc27_futwiz;fc27_futwiz;fc27_futwiz;simule
DFCO_020;Adel Lembezat;DFCO;DFCO;Milieu;0;08/10/2026;04/10/2000;26;186;84.3;Droit;Ambitieux|Meneur;Créateur|Expert Cardio;français|portugais;57;66;Projet sportif apprécié;30;89;Disponible;VERT;Match et entraînement;;2;DFCO_027|DFCO_017;DFCO_024;source_publique;source_publique;mixte_voir_provenance.csv;https://www.dfco.fr/effectifs/effectif-pro/;08/10/2026;En intégration;61;62;62;64;60;62;54;53;60;59;70;54;63;68;63;67;65;72;72;72;69;69;59;69;27;41;39;25;32;32;41;62;43;36;46;;;;;;;Adel Lembezat;67;CAM;Milieu;https://www.futwiz.com/fc27/player/adel-lembezat/9098;9098;Silver;;;IMPORTE;simule;fc27_futwiz;fc27_futwiz;fc27_futwiz;simule
DFCO_021;Hugo Vargas-Rios;DFCO;DFCO;Milieu;0;08/10/2026;03/08/1991;35;182;73.4;Gauche;Meneur|Calme;Métronome|Créateur;français|arabe;61;89;Projet sportif apprécié;39;81;Vigilance;ORANGE;Charge adaptée;;0;DFCO_012|DFCO_024;DFCO_029;source_publique;source_publique;mixte_voir_provenance.csv;https://www.dfco.fr/effectifs/effectif-pro/;08/10/2026;En intégration;55;62;59;59;48;49;47;34;36;47;63;41;34;67;60;32;57;59;74;71;62;57;66;61;68;53;64;63;54;62;52;67;51;71;59;;;;;;;Hugo Vargas-Rios;63;CM;Milieu;https://www.futwiz.com/fc27/player/hugo-vargas-rios/13920;13920;Bronze;;;IMPORTE;simule;fc27_futwiz;fc27_futwiz;fc27_futwiz;simule
DFCO_024;Ylan Aka;DFCO;DFCO;Attaquant;0;08/10/2026;21/05/1998;28;187;88.1;Droit;Extraverti|Calme;Renard des surfaces|Tir en finesse;français|anglais;73;56;Adaptation en cours;51;40;Blessé;ROUGE;Indisponible;03/11/2026;3;DFCO_025|DFCO_011;DFCO_020;source_publique;source_publique;mixte_voir_provenance.csv;https://www.dfco.fr/effectifs/effectif-pro/;08/10/2026;Bonne cohésion;56;62;59;25;38;42;35;33;49;38;43;38;42;62;53;40;50;51;64;47;62;57;44;57;52;56;54;61;54;56;58;51;56;57;55;;;;;;;Ylan Aka;57;CDM;Milieu;https://www.futwiz.com/fc27/player/ylan-aka/18568;18568;Bronze;;;IMPORTE;simule;fc27_futwiz;fc27_futwiz;fc27_futwiz;simule
DFCO_025;Julio Tavares;DFCO;DFCO;Attaquant;0;08/10/2026;28/07/1989;37;190;85.3;Droit;Compétiteur|Ambitieux;Tir en finesse|Renard des surfaces;français|arabe;49;90;Projet sportif apprécié;12;87;Disponible;VERT;Match et entraînement;;1;DFCO_005|DFCO_004;DFCO_013;source_publique;source_publique;mixte_voir_provenance.csv;https://www.dfco.fr/effectifs/effectif-pro/;08/10/2026;En intégration;53;51;52;68;64;71;67;66;70;67;63;39;46;64;47;55;55;56;37;64;65;61;70;61;23;72;28;23;20;29;75;71;74;74;73;;;;;;;Julio Tavares;65;ST;Attaquant;https://www.futwiz.com/fc27/player/julio-tavares/11488;11488;Silver;;;IMPORTE;simule;fc27_futwiz;fc27_futwiz;fc27_futwiz;simule
DFCO_026;Alexis Ntamack;DFCO;DFCO;Attaquant;0;08/10/2026;02/05/2004;22;179;68.3;Droit;Ambitieux|Calme;Sprinteur|Tir en finesse;français|arabe;46;40;Temps de jeu souhaité;18;97;Disponible;VERT;Match et entraînement;;0;DFCO_029|DFCO_025;DFCO_003;source_publique;source_publique;mixte_voir_provenance.csv;https://www.dfco.fr/effectifs/effectif-pro/;08/10/2026;En intégration;72;70;71;65;64;62;59;59;62;62;58;48;48;60;49;52;55;62;72;58;68;64;54;65;18;57;18;25;19;24;60;51;48;38;47;;;;;;;Alexis Ntamack;63;ST;Attaquant;https://www.futwiz.com/fc27/player/alexis-ntamack/13921;13921;Bronze;;;IMPORTE;simule;fc27_futwiz;fc27_futwiz;fc27_futwiz;simule
DFCO_027;Yanis Barka;DFCO;DFCO;Attaquant;0;08/10/2026;07/05/2008;18;195;86.2;Droit;Meneur|Ambitieux;Tir en finesse|Sprinteur;français;49;40;Temps de jeu souhaité;51;99;Disponible;VERT;Match et entraînement;;1;DFCO_023|DFCO_030;DFCO_003;source_publique;source_publique;mixte_voir_provenance.csv;https://www.dfco.fr/effectifs/effectif-pro/;08/10/2026;En intégration;62;66;64;68;67;65;62;60;62;65;60;58;39;67;49;59;59;63;66;59;64;62;58;63;17;63;20;16;13;22;68;56;64;37;57;;;;;;;Yanis Barka;65;ST;Attaquant;https://www.futwiz.com/fc27/player/yanis-barka/11493;11493;Silver;;;IMPORTE;simule;fc27_futwiz;fc27_futwiz;fc27_futwiz;simule
DFCO_028;Florian Rombogouera;DFCO;DFCO;Attaquant;0;08/10/2026;24/08/2001;25;192;92.9;Droit;Persévérant|Extraverti;Tir en finesse|Renard des surfaces;français|arabe;91;84;Projet sportif apprécié;40;66;Vigilance;ORANGE;Charge adaptée;;1;DFCO_022|DFCO_004;DFCO_023;source_publique;source_publique;mixte_voir_provenance.csv;https://www.dfco.fr/effectifs/effectif-pro/;08/10/2026;Bonne cohésion;72;64;68;56;52;53;35;39;48;48;57;53;35;56;46;39;52;63;66;50;55;62;62;60;23;36;21;25;20;24;52;44;55;28;47;;;;;;;Florian Rombogouera;57;LW;Attaquant;https://www.futwiz.com/fc27/player/florian-rombogouera/18564;18564;Bronze;;;IMPORTE;simule;fc27_futwiz;fc27_futwiz;fc27_futwiz;simule
DFCO_029;Tyris Dong;DFCO;DFCO;Attaquant;0;08/10/2026;15/02/1999;27;179;75.0;Droit;Calme|Extraverti;Sprinteur|Tir en finesse;français|anglais;67;81;Projet sportif apprécié;13;87;Disponible;VERT;Match et entraînement;;1;DFCO_013|DFCO_009;DFCO_003;source_publique;source_publique;mixte_voir_provenance.csv;https://www.dfco.fr/effectifs/effectif-pro/;08/10/2026;Bonne cohésion;75;72;73;58;62;55;56;58;68;59;46;38;42;48;36;40;43;71;67;41;62;65;47;63;24;59;22;12;13;22;68;52;58;30;51;;;;;;;Tyris Dong;59;ST;Attaquant;https://www.futwiz.com/fc27/player/tyris-dong/17439;17439;Bronze;;;IMPORTE;simule;fc27_futwiz;fc27_futwiz;fc27_futwiz;simule
PRO_001;Lucas Monzon;PROSPECT;;Défenseur;0;08/10/2026;25/06/2007;19;189;77.8;Gauche;Collectif|Extraverti;Le Mur|Jeu aérien;français;95;67;Projet sportif apprécié;29;86;Disponible;VERT;Match et entraînement;;2;PRO_049|PRO_037;PRO_013;fc27_futwiz;derive_fc27;mixte_voir_provenance.csv;https://www.futwiz.com/fc27/player/lucas-monzon/20894;08/10/2026;Bonne cohésion;71;69;70;22;21;34;19;25;35;24;25;27;21;58;47;25;40;42;56;60;60;26;67;43;63;67;70;70;67;68;82;65;81;68;74;;;;;;;Lucas Monzon;68;CB;Défenseur;https://www.futwiz.com/fc27/player/lucas-monzon/20894;20894;Silver;;;IMPORTE;simule;fc27_futwiz;fc27_futwiz;fc27_futwiz;simule
PRO_002;Cristian Devenish;PROSPECT;;Défenseur;0;08/10/2026;13/06/1999;27;188;79.7;Droit;Meneur|Persévérant;Le Mur|Jeu aérien;français|espagnol;67;91;Projet sportif apprécié;15;30;Blessé;ROUGE;Indisponible;27/10/2026;3;PRO_050|PRO_038;PRO_026;fc27_futwiz;derive_fc27;mixte_voir_provenance.csv;https://www.futwiz.com/fc27/player/cristian-devenish/20893;08/10/2026;Bonne cohésion;46;54;50;30;30;54;31;33;41;36;30;33;34;62;49;32;45;46;35;66;54;43;50;48;65;65;67;69;67;67;72;62;83;68;74;;;;;;;Cristian Devenish;68;CB;Défenseur;https://www.futwiz.com/fc27/player/cristian-devenish/20893;20893;Silver;;;IMPORTE;simule;fc27_futwiz;fc27_futwiz;fc27_futwiz;simule
PRO_003;Nicholas Opoku;PROSPECT;;Défenseur;0;08/10/2026;06/10/2003;23;191;80.6;Droit;Calme|Persévérant;Le Mur|Jeu aérien;français|portugais;40;65;Projet sportif apprécié;40;93;Disponible;VERT;Match et entraînement;;1;PRO_015|PRO_027;PRO_039;fc27_futwiz;derive_fc27;mixte_voir_provenance.csv;https://www.futwiz.com/fc27/player/nicholas-opoku/20892;08/10/2026;En intégration;64;55;59;35;29;62;31;37;41;37;39;43;27;58;50;32;47;63;40;62;62;42;58;52;64;64;66;71;68;67;79;70;86;71;79;;;;;;;Nicholas Opoku;68;CB;Défenseur;https://www.futwiz.com/fc27/player/nicholas-opoku/20892;20892;Silver;Aerial Fortress;;IMPORTE;simule;fc27_futwiz;fc27_futwiz;fc27_futwiz;simule
PRO_004;Ian Poveda;PROSPECT;;Attaquant;0;08/10/2026;08/09/2000;26;198;90.1;Gauche;Ambitieux|Calme;Tir en finesse|Sprinteur;français|portugais;41;71;Projet sportif apprécié;24;30;Blessé;ROUGE;Indisponible;07/11/2026;3;PRO_040|PRO_052;PRO_028;fc27_futwiz;derive_fc27;mixte_voir_provenance.csv;https://www.futwiz.com/fc27/player/ian-poveda/20891;08/10/2026;En intégration;84;70;76;66;62;54;51;50;51;57;66;65;55;64;52;58;62;82;88;62;70;71;65;72;27;27;35;36;31;33;57;52;56;41;52;;;;;;;Ian Poveda;68;RW;Attaquant;https://www.futwiz.com/fc27/player/ian-poveda/20891;20891;Silver;;;IMPORTE;simule;fc27_futwiz;fc27_futwiz;fc27_futwiz;simule
PRO_005;Serdar Dursun;PROSPECT;;Attaquant;0;08/10/2026;16/09/2008;18;196;96.5;Droit;Ambitieux|Extraverti;Tir en finesse|Sprinteur;français|espagnol;53;26;Temps de jeu souhaité;34;20;Blessé;ROUGE;Indisponible;24/10/2026;1;PRO_053|PRO_017;PRO_029;fc27_futwiz;derive_fc27;mixte_voir_provenance.csv;https://www.futwiz.com/fc27/player/serdar-dursun/20890;08/10/2026;En intégration;53;56;55;72;69;74;62;65;77;69;57;48;59;68;57;54;59;62;54;68;67;60;70;63;31;77;39;36;30;39;71;70;74;76;73;;;;;;;Serdar Dursun;68;ST;Attaquant;https://www.futwiz.com/fc27/player/serdar-dursun/20890;20890;Silver;;;IMPORTE;simule;fc27_futwiz;fc27_futwiz;fc27_futwiz;simule
PRO_006;Paulinho Boia;PROSPECT;;Milieu;0;08/10/2026;06/08/1997;29;189;87.8;Droit;Discret|Meneur;Métronome|Créateur;français;75;50;Adaptation en cours;18;52;Réathlétisation;ORANGE;Entraînement adapté;20/10/2026;1;PRO_042|PRO_030;PRO_054;fc27_futwiz;derive_fc27;mixte_voir_provenance.csv;https://www.futwiz.com/fc27/player/paulinho-boia/20889;08/10/2026;Bonne cohésion;83;82;82;59;67;68;64;58;51;65;57;64;61;65;61;61;62;80;86;59;71;72;58;72;31;44;17;29;26;27;52;63;44;47;50;;;;;;;Paulinho Boia;68;LM;Milieu;https://www.futwiz.com/fc27/player/paulinho-boia/20889;20889;Silver;;;IMPORTE;simule;fc27_futwiz;fc27_futwiz;fc27_futwiz;simule
PRO_007;Ishe Samuels-Smith;PROSPECT;;Défenseur;0;08/10/2026;13/05/2000;26;185;85.4;Gauche;Ambitieux|Compétiteur;Le Mur|Jeu aérien;français|portugais;88;51;Adaptation en cours;16;86;Disponible;VERT;Match et entraînement;;1;PRO_043|PRO_031;PRO_019;fc27_futwiz;derive_fc27;mixte_voir_provenance.csv;https://www.futwiz.com/fc27/player/ishe-samuels-smith/20888;08/10/2026;Bonne cohésion;72;77;75;54;43;48;41;35;37;43;56;64;33;65;60;52;60;62;56;65;65;59;66;62;63;60;60;66;66;63;72;66;66;64;66;;;;;;;Ishe Samuels-Smith;68;LB;Défenseur;https://www.futwiz.com/fc27/player/ishe-samuels-smith/20888;20888;Silver;;;IMPORTE;simule;fc27_futwiz;fc27_futwiz;fc27_futwiz;simule
PRO_008;Steven Benda;PROSPECT;;Gardien;1;08/10/2026;14/12/1998;27;182;77.0;Droit;Collectif|Extraverti;Le Mur|Réflexes éclair;français;49;61;Adaptation en cours;43;92;Disponible;VERT;Match et entraînement;;3;PRO_044|PRO_056;PRO_020;fc27_futwiz;derive_fc27;mixte_voir_provenance.csv;https://www.futwiz.com/fc27/player/steven-benda/20887;08/10/2026;En intégration;36;38;37;4;5;47;12;9;12;15;26;8;11;31;30;8;23;30;33;63;24;18;26;24;13;12;6;9;11;9;53;30;53;36;44;68;65;63;70;52;66;Steven Benda;68;GK;Gardien;https://www.futwiz.com/fc27/player/steven-benda/20887;20887;Silver;;37;IMPORTE;simule;fc27_futwiz;fc27_futwiz;fc27_futwiz;simule
PRO_009;Dastan Satpayev;PROSPECT;;Attaquant;0;08/10/2026;23/06/2001;25;191;85.9;Droit;Compétiteur|Persévérant;Tir en finesse|Sprinteur;français;31;72;Projet sportif apprécié;45;87;Disponible;VERT;Match et entraînement;;1;PRO_021|PRO_045;PRO_033;fc27_futwiz;derive_fc27;mixte_voir_provenance.csv;https://www.futwiz.com/fc27/player/dastan-satpayev/20886;08/10/2026;Tendue;85;81;83;68;69;69;64;64;63;67;62;60;51;63;52;57;60;82;84;68;66;68;65;69;26;60;24;23;21;27;77;67;63;57;64;;;;;;;Dastan Satpayev;68;ST;Attaquant;https://www.futwiz.com/fc27/player/dastan-satpayev/20886;20886;Silver;;;IMPORTE;simule;fc27_futwiz;fc27_futwiz;fc27_futwiz;simule
PRO_010;Zymer Bytyqi;PROSPECT;;Milieu;0;08/10/2026;23/12/1997;28;189;86.0;Droit;Compétiteur|Ambitieux;Métronome|Créateur;français|arabe;35;23;Temps de jeu souhaité;17;85;Disponible;VERT;Match et entraînement;;2;PRO_022|PRO_046;PRO_034;fc27_futwiz;derive_fc27;mixte_voir_provenance.csv;https://www.futwiz.com/fc27/player/zymer-bytyqi/20885;08/10/2026;Tendue;66;70;68;64;60;71;72;64;56;65;63;71;69;67;63;72;67;74;71;64;72;72;67;72;31;49;45;29;20;35;62;59;67;62;64;;;;;;;Zymer Bytyqi;68;LM;Milieu;https://www.futwiz.com/fc27/player/zymer-bytyqi/20885;20885;Silver;;;IMPORTE;simule;fc27_futwiz;fc27_futwiz;fc27_futwiz;simule
PRO_011;Nathaniel Chalobah;PROSPECT;;Milieu;0;08/10/2026;04/07/1997;29;192;92.6;Droit;Persévérant|Compétiteur;Métronome|Créateur;français|arabe;32;82;Projet sportif apprécié;60;93;Disponible;VERT;Match et entraînement;;2;PRO_035|PRO_047;PRO_023;fc27_futwiz;derive_fc27;mixte_voir_provenance.csv;https://www.futwiz.com/fc27/player/nathaniel-chalobah/20883;08/10/2026;Tendue;51;51;51;64;54;73;68;52;49;61;68;58;46;71;69;48;65;62;61;65;68;58;71;63;68;70;67;67;65;67;71;41;75;75;66;;;;;;;Nathaniel Chalobah;68;CDM;Milieu;https://www.futwiz.com/fc27/player/nathaniel-chalobah/20883;20883;Silver;;;IMPORTE;simule;fc27_futwiz;fc27_futwiz;fc27_futwiz;simule
PRO_012;Luis Sanchez;PROSPECT;;Milieu;0;08/10/2026;13/11/2002;23;193;94.8;Droit;Discret|Ambitieux;Métronome|Créateur;français;54;41;Temps de jeu souhaité;53;31;Blessé;ROUGE;Indisponible;31/10/2026;2;PRO_060|PRO_024;PRO_036;fc27_futwiz;derive_fc27;mixte_voir_provenance.csv;https://www.futwiz.com/fc27/player/luis-sanchez/20882;08/10/2026;En intégration;69;72;71;63;68;60;64;44;56;64;67;67;62;64;63;61;65;81;70;68;69;72;59;71;40;25;42;52;41;43;53;74;66;52;65;;;;;;;Luis Sanchez;68;CAM;Milieu;https://www.futwiz.com/fc27/player/luis-sanchez/20882;20882;Silver;;;IMPORTE;simule;fc27_futwiz;fc27_futwiz;fc27_futwiz;simule
PRO_013;Julio Gonzalez;PROSPECT;;Gardien;1;08/10/2026;25/08/1998;28;181;75.8;Gauche;Persévérant|Discret;Le Mur|Réflexes éclair;français|portugais;47;30;Temps de jeu souhaité;17;91;Disponible;VERT;Match et entraînement;;2;PRO_001|PRO_049;PRO_037;fc27_futwiz;derive_fc27;mixte_voir_provenance.csv;https://www.futwiz.com/fc27/player/julio-gonzalez/20881;08/10/2026;En intégration;44;44;44;13;14;50;14;14;13;21;45;15;15;13;12;15;20;58;40;61;20;14;28;25;16;15;20;14;13;16;62;40;63;22;49;65;68;66;69;52;67;Julio Gonzalez;68;GK;Gardien;https://www.futwiz.com/fc27/player/julio-gonzalez/20881;20881;Silver;;44;IMPORTE;simule;fc27_futwiz;fc27_futwiz;fc27_futwiz;simule
PRO_014;Andreas Weimann;PROSPECT;;Milieu;0;08/10/2026;09/08/2006;20;174;68.1;Droit;Calme|Discret;Métronome|Créateur;français;28;51;Adaptation en cours;15;64;Réathlétisation;ORANGE;Entraînement adapté;22/10/2026;3;PRO_038|PRO_050;PRO_002;fc27_futwiz;derive_fc27;mixte_voir_provenance.csv;https://www.futwiz.com/fc27/player/andreas-weimann/20880;08/10/2026;Tendue;70;63;66;69;68;70;67;67;67;68;68;62;64;67;55;66;64;72;69;70;69;67;65;68;52;66;40;41;34;45;72;79;66;70;70;;;;;;;Andreas Weimann;68;CAM;Milieu;https://www.futwiz.com/fc27/player/andreas-weimann/20880;20880;Silver;;;IMPORTE;simule;fc27_futwiz;fc27_futwiz;fc27_futwiz;simule
PRO_015;Ivan Ramirez;PROSPECT;;Défenseur;0;08/10/2026;05/05/2002;24;177;78.1;Droit;Compétiteur|Ambitieux;Le Mur|Jeu aérien;français;41;28;Temps de jeu souhaité;11;97;Disponible;VERT;Match et entraînement;;1;PRO_051|PRO_027;PRO_039;fc27_futwiz;derive_fc27;mixte_voir_provenance.csv;https://www.futwiz.com/fc27/player/ivan-ramirez/20879;08/10/2026;En intégration;68;70;69;58;44;58;48;42;43;48;64;68;64;69;66;60;67;63;68;60;68;66;60;66;63;62;63;66;65;64;70;78;66;66;69;;;;;;;Ivan Ramirez;68;RB;Défenseur;https://www.futwiz.com/fc27/player/ivan-ramirez/20879;20879;Silver;;;IMPORTE;simule;fc27_futwiz;fc27_futwiz;fc27_futwiz;simule
PRO_016;Alexandru Matan;PROSPECT;;Milieu;0;08/10/2026;08/06/2000;26;195;83.5;Droit;Meneur|Persévérant;Métronome|Créateur;français|anglais;77;33;Temps de jeu souhaité;18;99;Disponible;VERT;Match et entraînement;;1;PRO_052|PRO_028;PRO_004;fc27_futwiz;derive_fc27;mixte_voir_provenance.csv;https://www.futwiz.com/fc27/player/alexandru-matan/20877;08/10/2026;Bonne cohésion;85;87;86;57;64;68;52;40;59;61;65;64;64;69;59;70;66;88;89;65;69;73;61;73;44;41;46;49;44;46;52;65;44;55;52;;;;;;;Alexandru Matan;68;CAM;Milieu;https://www.futwiz.com/fc27/player/alexandru-matan/20877;20877;Silver;;;IMPORTE;simule;fc27_futwiz;fc27_futwiz;fc27_futwiz;simule
PRO_017;Mawuli Mensah;PROSPECT;;Milieu;0;08/10/2026;15/01/1997;29;186;74.1;Droit;Extraverti|Collectif;Métronome|Créateur;français|anglais;25;98;Projet sportif apprécié;53;84;Vigilance;ORANGE;Charge adaptée;;1;PRO_029|PRO_041;PRO_005;fc27_futwiz;derive_fc27;mixte_voir_provenance.csv;https://www.futwiz.com/fc27/player/mawuli-mensah/20876;08/10/2026;Tendue;69;70;70;66;55;65;58;40;51;57;70;63;50;66;62;63;65;68;84;73;73;73;76;73;72;42;72;73;56;68;56;64;62;58;61;;;;;;;Mawuli Mensah;68;CM;Milieu;https://www.futwiz.com/fc27/player/mawuli-mensah/20876;20876;Silver;;;IMPORTE;simule;fc27_futwiz;fc27_futwiz;fc27_futwiz;simule
PRO_018;Junior Sambia;PROSPECT;;Défenseur;0;08/10/2026;28/10/2005;20;194;88.1;Droit;Extraverti|Calme;Le Mur|Jeu aérien;français|anglais;73;33;Temps de jeu souhaité;12;72;Vigilance;ORANGE;Charge adaptée;;2;PRO_006|PRO_030;PRO_054;fc27_futwiz;derive_fc27;mixte_voir_provenance.csv;https://www.futwiz.com/fc27/player/junior-sambia/20875;08/10/2026;Bonne cohésion;64;67;66;68;59;82;69;58;58;66;68;69;76;67;68;73;69;73;67;64;67;68;66;68;66;62;66;67;66;66;67;58;60;63;60;;;;;;;Junior Sambia;68;RB;Défenseur;https://www.futwiz.com/fc27/player/junior-sambia/20875;20875;Silver;;;IMPORTE;simule;fc27_futwiz;fc27_futwiz;fc27_futwiz;simule
PRO_019;Alireza Jahanbakhsh;PROSPECT;;Attaquant;0;08/10/2026;01/02/2006;20;171;70.0;Droit;Persévérant|Meneur;Tir en finesse|Sprinteur;français|espagnol;33;75;Projet sportif apprécié;49;51;Réathlétisation;ORANGE;Entraînement adapté;27/10/2026;1;PRO_007|PRO_055;PRO_031;fc27_futwiz;derive_fc27;mixte_voir_provenance.csv;https://www.futwiz.com/fc27/player/alireza-jahanbakhsh/20874;08/10/2026;Tendue;72;63;67;69;67;75;71;72;68;70;68;67;60;65;62;70;66;74;73;67;70;68;71;70;45;70;45;43;42;47;89;67;77;74;75;;;;;;;Alireza Jahanbakhsh;68;RW;Attaquant;https://www.futwiz.com/fc27/player/alireza-jahanbakhsh/20874;20874;Silver;;;IMPORTE;simule;fc27_futwiz;fc27_futwiz;fc27_futwiz;simule
PRO_020;Matteo Ricci;PROSPECT;;Milieu;0;08/10/2026;25/01/1999;27;183;79.8;Droit;Meneur|Collectif;Métronome|Créateur;français|arabe;50;98;Projet sportif apprécié;18;77;Vigilance;ORANGE;Charge adaptée;;2;PRO_008|PRO_044;PRO_056;fc27_futwiz;derive_fc27;mixte_voir_provenance.csv;https://www.futwiz.com/fc27/player/matteo-ricci/20873;08/10/2026;En intégration;71;65;68;69;59;74;69;53;74;65;65;65;66;67;66;69;66;86;86;66;70;71;70;73;69;50;66;69;60;65;59;76;52;66;61;;;;;;;Matteo Ricci;68;CDM;Milieu;https://www.futwiz.com/fc27/player/matteo-ricci/20873;20873;Silver;;;IMPORTE;simule;fc27_futwiz;fc27_futwiz;fc27_futwiz;simule
PRO_021;Alejandro Silva;PROSPECT;;Milieu;0;08/10/2026;09/01/2005;21;189;85.0;Droit;Ambitieux|Calme;Métronome|Créateur;français;25;64;Adaptation en cours;5;54;Réathlétisation;ORANGE;Entraînement adapté;18/10/2026;2;PRO_045|PRO_057;PRO_033;fc27_futwiz;derive_fc27;mixte_voir_provenance.csv;https://www.futwiz.com/fc27/player/alejandro-silva/20872;08/10/2026;Tendue;70;72;71;66;62;69;65;52;78;65;72;64;72;73;67;70;70;65;74;64;70;68;70;69;66;65;65;55;55;61;71;70;64;71;67;;;;;;;Alejandro Silva;68;CM;Milieu;https://www.futwiz.com/fc27/player/alejandro-silva/20872;20872;Silver;;;IMPORTE;simule;fc27_futwiz;fc27_futwiz;fc27_futwiz;simule
PRO_022;Darlan;PROSPECT;;Milieu;0;08/10/2026;09/10/2000;25;188;80.2;Gauche;Meneur|Collectif;Métronome|Créateur;français;31;80;Projet sportif apprécié;8;85;Disponible;VERT;Match et entraînement;;0;PRO_010|PRO_034;PRO_058;fc27_futwiz;derive_fc27;mixte_voir_provenance.csv;https://www.futwiz.com/fc27/player/darlan/8825;08/10/2026;Tendue;64;49;56;74;70;65;66;62;56;67;58;52;58;72;67;54;63;77;82;70;70;70;53;70;59;57;44;64;58;56;65;81;63;63;68;;;;;;;Darlan;68;CM;Milieu;https://www.futwiz.com/fc27/player/darlan/8825;8825;Silver;;;IMPORTE;simule;fc27_futwiz;fc27_futwiz;fc27_futwiz;simule
PRO_023;Kingsley Schindler;PROSPECT;;Milieu;0;08/10/2026;15/07/2000;26;186;76.0;Droit;Collectif|Persévérant;Métronome|Créateur;français|espagnol;56;89;Projet sportif apprécié;64;98;Disponible;VERT;Match et entraînement;;1;PRO_047|PRO_011;PRO_059;fc27_futwiz;derive_fc27;mixte_voir_provenance.csv;https://www.futwiz.com/fc27/player/kingsley-schindler/8824;08/10/2026;En intégration;80;75;77;65;62;69;56;53;65;62;64;68;41;62;59;56;62;78;71;67;69;66;59;68;58;59;59;45;40;53;78;67;74;61;70;;;;;;;Kingsley Schindler;68;RM;Milieu;https://www.futwiz.com/fc27/player/kingsley-schindler/8824;8824;Silver;;;IMPORTE;simule;fc27_futwiz;fc27_futwiz;fc27_futwiz;simule
PRO_024;Kenny Dougall;PROSPECT;;Défenseur;0;08/10/2026;17/04/2003;23;189;84.1;Droit;Compétiteur|Discret;Le Mur|Jeu aérien;français;81;69;Projet sportif apprécié;42;73;Vigilance;ORANGE;Charge adaptée;;0;PRO_012|PRO_048;PRO_036;fc27_futwiz;derive_fc27;mixte_voir_provenance.csv;https://www.futwiz.com/fc27/player/kenny-dougall/8823;08/10/2026;Bonne cohésion;69;65;67;59;45;62;55;37;53;51;63;56;63;68;63;59;63;70;69;68;63;63;61;64;68;63;65;70;67;67;74;75;71;72;72;;;;;;;Kenny Dougall;68;CB;Défenseur;https://www.futwiz.com/fc27/player/kenny-dougall/8823;8823;Silver;;;IMPORTE;simule;fc27_futwiz;fc27_futwiz;fc27_futwiz;simule
PRO_025;Mateo Sanabria;PROSPECT;;Attaquant;0;08/10/2026;25/07/2004;22;194;91.9;Droit;Collectif|Discret;Tir en finesse|Sprinteur;français|arabe;79;59;Adaptation en cours;8;92;Disponible;VERT;Match et entraînement;;1;PRO_001|PRO_013;PRO_037;fc27_futwiz;derive_fc27;mixte_voir_provenance.csv;https://www.futwiz.com/fc27/player/mateo-sanabria/8822;08/10/2026;Bonne cohésion;69;68;68;66;66;53;61;45;46;60;65;66;38;63;55;47;61;66;64;66;72;72;57;70;23;25;25;29;31;26;48;69;56;32;54;;;;;;;Mateo Sanabria;68;LW;Attaquant;https://www.futwiz.com/fc27/player/mateo-sanabria/8822;8822;Silver;;;IMPORTE;simule;fc27_futwiz;fc27_futwiz;fc27_futwiz;simule
PRO_026;Shahruddin Magomedaliyev;PROSPECT;;Gardien;1;08/10/2026;07/12/2004;21;184;78.2;Droit;Calme|Persévérant;Le Mur|Réflexes éclair;français|anglais;81;84;Projet sportif apprécié;57;86;Disponible;VERT;Match et entraînement;;0;PRO_014|PRO_038;PRO_050;fc27_futwiz;derive_fc27;mixte_voir_provenance.csv;https://www.futwiz.com/fc27/player/shahruddin-magomedaliyev/8821;08/10/2026;Bonne cohésion;54;33;42;8;5;47;8;5;14;15;29;14;10;21;22;11;20;59;48;60;17;11;33;23;7;10;9;12;14;10;64;24;64;39;49;70;65;62;71;52;67;Shahruddin Magomedaliyev;68;GK;Gardien;https://www.futwiz.com/fc27/player/shahruddin-magomedaliyev/8821;8821;Silver;;46;IMPORTE;simule;fc27_futwiz;fc27_futwiz;fc27_futwiz;simule
PRO_027;Oleksiy Kashchuk;PROSPECT;;Attaquant;0;08/10/2026;25/08/2006;20;193;87.9;Gauche;Ambitieux|Calme;Tir en finesse|Sprinteur;français;85;51;Adaptation en cours;28;89;Disponible;VERT;Match et entraînement;;2;PRO_051|PRO_003;PRO_015;fc27_futwiz;derive_fc27;mixte_voir_provenance.csv;https://www.futwiz.com/fc27/player/oleksiy-kashchuk/8820;08/10/2026;Bonne cohésion;73;72;72;66;67;60;59;46;59;63;70;67;46;73;69;57;68;65;78;67;67;70;58;68;25;48;38;38;33;36;61;67;58;41;57;;;;;;;Oleksiy Kashchuk;68;RW;Attaquant;https://www.futwiz.com/fc27/player/oleksiy-kashchuk/8820;8820;Silver;;;IMPORTE;simule;fc27_futwiz;fc27_futwiz;fc27_futwiz;simule
PRO_028;Joni Montiel;PROSPECT;;Milieu;0;08/10/2026;20/02/2006;20;194;85.9;Gauche;Collectif|Extraverti;Métronome|Créateur;français|arabe;72;74;Projet sportif apprécié;6;81;Vigilance;ORANGE;Charge adaptée;;1;PRO_040|PRO_016;PRO_052;fc27_futwiz;derive_fc27;mixte_voir_provenance.csv;https://www.futwiz.com/fc27/player/joni-montiel/8819;08/10/2026;Bonne cohésion;59;62;61;62;64;70;69;62;70;66;65;70;74;71;68;75;70;79;82;67;71;72;70;73;48;45;35;48;46;44;54;67;57;59;60;;;;;;;Joni Montiel;68;CAM;Milieu;https://www.futwiz.com/fc27/player/joni-montiel/8819;8819;Silver;;;IMPORTE;simule;fc27_futwiz;fc27_futwiz;fc27_futwiz;simule
PRO_029;Lenny Joseph;PROSPECT;;Attaquant;0;08/10/2026;10/06/2003;23;180;74.1;Droit;Meneur|Extraverti;Tir en finesse|Sprinteur;français;64;76;Projet sportif apprécié;20;33;Blessé;ROUGE;Indisponible;03/11/2026;2;PRO_017|PRO_005;PRO_041;fc27_futwiz;derive_fc27;mixte_voir_provenance.csv;https://www.futwiz.com/fc27/player/lenny-joseph/8818;08/10/2026;En intégration;84;78;81;67;71;55;47;62;66;62;60;55;45;63;57;56;59;71;75;62;70;72;63;71;17;67;29;19;21;27;80;74;66;45;65;;;;;;;Lenny Joseph;68;RW;Attaquant;https://www.futwiz.com/fc27/player/lenny-joseph/8818;8818;Silver;;;IMPORTE;simule;fc27_futwiz;fc27_futwiz;fc27_futwiz;simule
PRO_030;Aleksandar Cirkovic;PROSPECT;;Milieu;0;08/10/2026;04/01/2002;24;194;91.8;Droit;Calme|Ambitieux;Métronome|Créateur;français|portugais;43;68;Projet sportif apprécié;10;97;Disponible;VERT;Match et entraînement;;1;PRO_042|PRO_006;PRO_054;fc27_futwiz;derive_fc27;mixte_voir_provenance.csv;https://www.futwiz.com/fc27/player/aleksandar-cirkovic/8817;08/10/2026;En intégration;75;72;73;67;68;61;61;55;61;64;68;65;60;64;59;71;64;69;62;67;69;70;66;69;39;49;40;37;38;40;66;60;69;50;63;;;;;;;Aleksandar Cirkovic;68;LM;Milieu;https://www.futwiz.com/fc27/player/aleksandar-cirkovic/8817;8817;Silver;;;IMPORTE;simule;fc27_futwiz;fc27_futwiz;fc27_futwiz;simule
PRO_031;Endre Botka;PROSPECT;;Défenseur;0;08/10/2026;02/08/1999;27;171;64.7;Droit;Ambitieux|Calme;Le Mur|Jeu aérien;français|portugais;27;61;Adaptation en cours;29;95;Disponible;VERT;Match et entraînement;;2;PRO_055|PRO_019;PRO_007;fc27_futwiz;derive_fc27;mixte_voir_provenance.csv;https://www.futwiz.com/fc27/player/endre-botka/8815;08/10/2026;Tendue;73;64;68;52;39;52;34;21;41;40;51;63;28;62;63;46;58;62;64;63;60;60;57;60;67;63;70;70;71;69;77;62;72;82;72;;;;;;;Endre Botka;68;RB;Défenseur;https://www.futwiz.com/fc27/player/endre-botka/8815;8815;Silver;;;IMPORTE;simule;fc27_futwiz;fc27_futwiz;fc27_futwiz;simule
PRO_032;Callum O'Dowda;PROSPECT;;Défenseur;0;08/10/2026;11/01/2003;23;195;83.9;Gauche;Discret|Calme;Le Mur|Jeu aérien;français|anglais;69;79;Projet sportif apprécié;9;99;Disponible;VERT;Match et entraînement;;1;PRO_020|PRO_056;PRO_044;fc27_futwiz;derive_fc27;mixte_voir_provenance.csv;https://www.futwiz.com/fc27/player/callum-odowda/8814;08/10/2026;Bonne cohésion;81;82;82;61;60;64;58;52;58;60;63;68;60;66;62;67;65;80;72;66;69;69;56;69;59;57;61;62;57;60;75;74;67;47;65;;;;;;;Callum O'Dowda;68;LB;Défenseur;https://www.futwiz.com/fc27/player/callum-odowda/8814;8814;Silver;;;IMPORTE;simule;fc27_futwiz;fc27_futwiz;fc27_futwiz;simule
PRO_033;Bence Otvos;PROSPECT;;Milieu;0;08/10/2026;05/01/2002;24;182;71.8;Droit;Meneur|Calme;Métronome|Créateur;français|arabe;77;63;Adaptation en cours;56;94;Disponible;VERT;Match et entraînement;;1;PRO_045|PRO_057;PRO_021;fc27_futwiz;derive_fc27;mixte_voir_provenance.csv;https://www.futwiz.com/fc27/player/bence-otvos/8812;08/10/2026;Bonne cohésion;60;66;63;68;70;64;63;55;76;67;71;64;67;69;66;72;68;63;64;70;68;69;64;68;67;50;65;63;62;63;61;75;66;71;69;;;;;;;Bence Otvos;68;CDM;Milieu;https://www.futwiz.com/fc27/player/bence-otvos/8812;8812;Silver;;;IMPORTE;simule;fc27_futwiz;fc27_futwiz;fc27_futwiz;simule
PRO_034;Dimitris Limnios;PROSPECT;;Milieu;0;08/10/2026;28/01/2005;21;191;88.8;Droit;Ambitieux|Collectif;Métronome|Créateur;français|portugais;68;75;Projet sportif apprécié;38;91;Disponible;VERT;Match et entraînement;;2;PRO_058|PRO_022;PRO_010;fc27_futwiz;derive_fc27;mixte_voir_provenance.csv;https://www.futwiz.com/fc27/player/dimitris-limnios/8811;08/10/2026;Bonne cohésion;77;79;78;64;62;68;67;67;55;64;64;65;66;65;54;62;63;77;75;64;70;68;63;69;46;56;53;48;44;49;71;74;62;66;66;;;;;;;Dimitris Limnios;68;RM;Milieu;https://www.futwiz.com/fc27/player/dimitris-limnios/8811;8811;Silver;;;IMPORTE;simule;fc27_futwiz;fc27_futwiz;fc27_futwiz;simule
PRO_035;Milos Degenek;PROSPECT;;Défenseur;0;08/10/2026;10/02/2006;20;178;70.6;Droit;Meneur|Discret;Le Mur|Jeu aérien;français|espagnol;36;47;Adaptation en cours;21;32;Blessé;ROUGE;Indisponible;14/10/2026;1;PRO_059|PRO_047;PRO_023;fc27_futwiz;derive_fc27;mixte_voir_provenance.csv;https://www.futwiz.com/fc27/player/milos-degenek/8809;08/10/2026;Tendue;64;68;66;55;53;70;61;52;56;58;67;52;44;65;65;57;61;62;61;68;59;52;74;57;66;66;66;67;65;66;77;72;80;78;77;;;;;;;Milos Degenek;68;CB;Défenseur;https://www.futwiz.com/fc27/player/milos-degenek/8809;8809;Silver;;;IMPORTE;simule;fc27_futwiz;fc27_futwiz;fc27_futwiz;simule
PRO_036;Pieros Sotiriou;PROSPECT;;Attaquant;0;08/10/2026;24/08/2004;22;184;79.7;Droit;Persévérant|Compétiteur;Tir en finesse|Sprinteur;français|arabe;44;65;Projet sportif apprécié;25;98;Disponible;VERT;Match et entraînement;;2;PRO_060|PRO_024;PRO_048;fc27_futwiz;derive_fc27;mixte_voir_provenance.csv;https://www.futwiz.com/fc27/player/pieros-sotiriou/8808;08/10/2026;En intégration;72;75;74;65;72;69;53;52;65;66;59;31;30;65;53;45;52;64;68;65;70;69;64;68;26;68;38;35;37;38;80;68;76;79;75;;;;;;;Pieros Sotiriou;68;ST;Attaquant;https://www.futwiz.com/fc27/player/pieros-sotiriou/8808;8808;Silver;;;IMPORTE;simule;fc27_futwiz;fc27_futwiz;fc27_futwiz;simule
PRO_037;Nikolas Panagiotou;PROSPECT;;Défenseur;0;08/10/2026;19/04/2008;18;186;83.4;Gauche;Meneur|Calme;Le Mur|Jeu aérien;français;41;58;Adaptation en cours;53;63;Réathlétisation;ORANGE;Entraînement adapté;29/10/2026;1;PRO_001|PRO_025;PRO_049;fc27_futwiz;derive_fc27;mixte_voir_provenance.csv;https://www.futwiz.com/fc27/player/nikolas-panagiotou/8807;08/10/2026;En intégration;68;73;71;49;38;48;34;30;38;39;47;60;41;66;63;50;59;72;49;64;60;56;54;59;67;69;71;71;64;69;72;64;65;74;67;;;;;;;Nikolas Panagiotou;68;CB;Défenseur;https://www.futwiz.com/fc27/player/nikolas-panagiotou/8807;8807;Silver;;;IMPORTE;simule;fc27_futwiz;fc27_futwiz;fc27_futwiz;simule
PRO_038;Ioannis Kousoulos;PROSPECT;;Milieu;0;08/10/2026;13/05/2008;18;186;77.5;Droit;Compétiteur|Collectif;Métronome|Créateur;français|anglais;46;82;Projet sportif apprécié;62;89;Disponible;VERT;Match et entraînement;;0;PRO_050|PRO_002;PRO_026;fc27_futwiz;derive_fc27;mixte_voir_provenance.csv;https://www.futwiz.com/fc27/player/ioannis-kousoulos/8806;08/10/2026;En intégration;49;54;52;39;44;67;58;48;39;51;57;44;36;70;64;52;59;46;54;62;63;54;48;56;73;73;68;67;63;69;74;59;74;68;69;;;;;;;Ioannis Kousoulos;68;CDM;Milieu;https://www.futwiz.com/fc27/player/ioannis-kousoulos/8806;8806;Silver;;;IMPORTE;simule;fc27_futwiz;fc27_futwiz;fc27_futwiz;simule
PRO_039;Mateo Maric;PROSPECT;;Milieu;0;08/10/2026;08/02/2006;20;172;66.9;Droit;Persévérant|Meneur;Métronome|Créateur;français|portugais;43;30;Temps de jeu souhaité;23;60;Réathlétisation;ORANGE;Entraînement adapté;02/11/2026;1;PRO_051|PRO_003;PRO_015;fc27_futwiz;derive_fc27;mixte_voir_provenance.csv;https://www.futwiz.com/fc27/player/mateo-maric/8805;08/10/2026;En intégration;58;62;60;46;48;59;55;42;54;52;56;58;47;72;68;53;63;56;53;63;62;51;50;55;70;57;67;68;65;67;64;67;66;73;68;;;;;;;Mateo Maric;68;CDM;Milieu;https://www.futwiz.com/fc27/player/mateo-maric/8805;8805;Silver;;;IMPORTE;simule;fc27_futwiz;fc27_futwiz;fc27_futwiz;simule
PRO_040;Samuel Velasquez;PROSPECT;;Défenseur;0;08/10/2026;12/07/2000;26;194;82.2;Gauche;Ambitieux|Persévérant;Le Mur|Jeu aérien;français|anglais;28;31;Temps de jeu souhaité;59;86;Disponible;VERT;Match et entraînement;;0;PRO_004|PRO_028;PRO_052;fc27_futwiz;derive_fc27;mixte_voir_provenance.csv;https://www.futwiz.com/fc27/player/samuel-velasquez/8804;08/10/2026;Tendue;72;71;71;60;48;40;39;28;31;43;35;69;28;69;70;55;60;70;78;58;70;64;51;66;62;55;64;65;61;63;55;74;42;54;53;;;;;;;Samuel Velasquez;68;LB;Défenseur;https://www.futwiz.com/fc27/player/samuel-velasquez/8804;8804;Silver;;;IMPORTE;simule;fc27_futwiz;fc27_futwiz;fc27_futwiz;simule
PRO_041;Kevin Parra;PROSPECT;;Milieu;0;08/10/2026;03/09/2000;26;171;70.1;Droit;Compétiteur|Extraverti;Métronome|Créateur;français|portugais;87;85;Projet sportif apprécié;41;89;Disponible;VERT;Match et entraînement;;0;PRO_017|PRO_053;PRO_029;fc27_futwiz;derive_fc27;mixte_voir_provenance.csv;https://www.futwiz.com/fc27/player/kevin-parra/8803;08/10/2026;Bonne cohésion;74;72;73;65;65;63;64;44;44;62;68;55;41;68;60;44;62;78;78;63;70;73;56;72;30;38;33;30;33;32;43;68;34;45;45;;;;;;;Kevin Parra;68;CAM;Milieu;https://www.futwiz.com/fc27/player/kevin-parra/8803;8803;Silver;;;IMPORTE;simule;fc27_futwiz;fc27_futwiz;fc27_futwiz;simule
PRO_042;Cesar Haydar;PROSPECT;;Défenseur;0;08/10/2026;12/01/1998;28;195;89.9;Gauche;Meneur|Ambitieux;Le Mur|Jeu aérien;français|arabe;48;29;Temps de jeu souhaité;9;85;Disponible;VERT;Match et entraînement;;1;PRO_030|PRO_006;PRO_018;fc27_futwiz;derive_fc27;mixte_voir_provenance.csv;https://www.futwiz.com/fc27/player/cesar-haydar/8802;08/10/2026;En intégration;55;67;62;27;25;36;33;28;39;30;35;38;25;60;46;32;45;45;51;69;66;45;52;53;66;65;69;71;66;68;68;48;70;72;65;;;;;;;Cesar Haydar;68;CB;Défenseur;https://www.futwiz.com/fc27/player/cesar-haydar/8802;8802;Silver;;;IMPORTE;simule;fc27_futwiz;fc27_futwiz;fc27_futwiz;simule
PRO_043;Houssine Rahimi;PROSPECT;;Attaquant;0;08/10/2026;12/10/1997;28;193;89.4;Droit;Extraverti|Calme;Tir en finesse|Sprinteur;français;64;35;Temps de jeu souhaité;20;84;Vigilance;ORANGE;Charge adaptée;;1;PRO_007|PRO_055;PRO_019;fc27_futwiz;derive_fc27;mixte_voir_provenance.csv;https://www.futwiz.com/fc27/player/houssine-rahimi/8801;08/10/2026;En intégration;72;76;74;73;74;65;61;63;58;68;46;33;42;46;30;48;41;62;53;63;65;61;59;62;14;71;13;16;19;21;82;64;71;33;62;;;;;;;Houssine Rahimi;68;ST;Attaquant;https://www.futwiz.com/fc27/player/houssine-rahimi/8801;8801;Silver;;;IMPORTE;simule;fc27_futwiz;fc27_futwiz;fc27_futwiz;simule
PRO_044;Yahya Benkhaleq;PROSPECT;;Défenseur;0;08/10/2026;07/03/2001;25;183;78.8;Droit;Persévérant|Extraverti;Le Mur|Jeu aérien;français;60;70;Projet sportif apprécié;49;63;Réathlétisation;ORANGE;Entraînement adapté;04/11/2026;1;PRO_056|PRO_008;PRO_032;fc27_futwiz;derive_fc27;mixte_voir_provenance.csv;https://www.futwiz.com/fc27/player/yahya-benkhaleq/8800;08/10/2026;En intégration;60;66;63;36;37;54;35;41;42;40;32;36;30;65;66;39;50;53;58;63;62;54;56;57;62;68;60;72;65;65;79;68;86;68;78;;;;;;;Yahya Benkhaleq;68;CB;Défenseur;https://www.futwiz.com/fc27/player/yahya-benkhaleq/8800;8800;Silver;;;IMPORTE;simule;fc27_futwiz;fc27_futwiz;fc27_futwiz;simule
PRO_045;Marcel Ratnik;PROSPECT;;Défenseur;0;08/10/2026;22/12/2003;22;187;88.7;Droit;Compétiteur|Persévérant;Le Mur|Jeu aérien;français|espagnol;77;49;Adaptation en cours;42;85;Disponible;VERT;Match et entraînement;;1;PRO_021|PRO_033;PRO_057;fc27_futwiz;derive_fc27;mixte_voir_provenance.csv;https://www.futwiz.com/fc27/player/marcel-ratnik/8799;08/10/2026;Bonne cohésion;57;66;62;33;21;37;18;23;30;25;38;29;24;64;58;27;47;60;54;60;56;31;54;45;68;65;69;71;68;69;75;66;81;62;73;;;;;;;Marcel Ratnik;68;CB;Défenseur;https://www.futwiz.com/fc27/player/marcel-ratnik/8799;8799;Silver;;;IMPORTE;simule;fc27_futwiz;fc27_futwiz;fc27_futwiz;simule
PRO_046;Rafa Rodrigues;PROSPECT;;Défenseur;0;08/10/2026;12/07/2004;22;187;84.4;Gauche;Calme|Compétiteur;Le Mur|Jeu aérien;français|arabe;90;67;Projet sportif apprécié;14;89;Disponible;VERT;Match et entraînement;;1;PRO_058|PRO_010;PRO_022;fc27_futwiz;derive_fc27;mixte_voir_provenance.csv;https://www.futwiz.com/fc27/player/rafa-rodrigues/8798;08/10/2026;Bonne cohésion;73;71;72;63;36;63;53;51;41;47;59;68;62;63;61;65;63;74;72;68;72;69;62;70;65;49;63;66;61;63;63;72;60;61;63;;;;;;;Rafa Rodrigues;68;LB;Défenseur;https://www.futwiz.com/fc27/player/rafa-rodrigues/8798;8798;Silver;;;IMPORTE;simule;fc27_futwiz;fc27_futwiz;fc27_futwiz;simule
PRO_047;Rahul Bheke;PROSPECT;;Défenseur;0;08/10/2026;19/07/2003;23;177;69.5;Droit;Collectif|Compétiteur;Le Mur|Jeu aérien;français|espagnol;69;37;Temps de jeu souhaité;57;68;Vigilance;ORANGE;Charge adaptée;;2;PRO_059|PRO_011;PRO_035;fc27_futwiz;derive_fc27;mixte_voir_provenance.csv;https://www.futwiz.com/fc27/player/rahul-bheke/8797;08/10/2026;Bonne cohésion;54;55;55;44;37;37;25;36;32;35;49;55;36;68;47;45;56;53;40;69;57;47;49;51;65;67;66;65;67;66;82;77;80;67;77;;;;;;;Rahul Bheke;68;CB;Défenseur;https://www.futwiz.com/fc27/player/rahul-bheke/8797;8797;Silver;;;IMPORTE;simule;fc27_futwiz;fc27_futwiz;fc27_futwiz;simule
PRO_048;Sunil Chhetri;PROSPECT;;Attaquant;0;08/10/2026;27/10/1998;27;175;75.5;Droit;Extraverti|Compétiteur;Tir en finesse|Sprinteur;français;71;66;Projet sportif apprécié;38;86;Disponible;VERT;Match et entraînement;;2;PRO_024|PRO_036;PRO_060;fc27_futwiz;derive_fc27;mixte_voir_provenance.csv;https://www.futwiz.com/fc27/player/sunil-chhetri/8796;08/10/2026;Bonne cohésion;73;67;70;70;73;68;66;66;68;70;57;55;66;60;46;66;57;68;65;58;65;65;67;65;25;67;30;24;44;32;84;79;70;62;71;;;;;;;Sunil Chhetri;68;ST;Attaquant;https://www.futwiz.com/fc27/player/sunil-chhetri/8796;8796;Silver;;;IMPORTE;simule;fc27_futwiz;fc27_futwiz;fc27_futwiz;simule
PRO_049;Florian Pick;PROSPECT;;Milieu;0;08/10/2026;12/03/2004;22;171;70.7;Droit;Compétiteur|Collectif;Métronome|Créateur;français|portugais;87;28;Temps de jeu souhaité;5;96;Disponible;VERT;Match et entraînement;;2;PRO_037|PRO_013;PRO_025;fc27_futwiz;derive_fc27;mixte_voir_provenance.csv;https://www.futwiz.com/fc27/player/florian-pick/8795;08/10/2026;Bonne cohésion;83;66;74;67;69;64;68;53;57;66;65;63;62;65;55;66;63;83;80;62;70;68;66;70;38;44;22;27;26;29;56;76;47;32;52;;;;;;;Florian Pick;68;LM;Milieu;https://www.futwiz.com/fc27/player/florian-pick/8795;8795;Silver;;;IMPORTE;simule;fc27_futwiz;fc27_futwiz;fc27_futwiz;simule
PRO_050;Philipp Forster;PROSPECT;;Milieu;0;08/10/2026;04/10/1998;28;177;67.7;Gauche;Extraverti|Calme;Métronome|Créateur;français;58;46;Adaptation en cours;19;91;Disponible;VERT;Match et entraînement;;1;PRO_014|PRO_038;PRO_002;fc27_futwiz;derive_fc27;mixte_voir_provenance.csv;https://www.futwiz.com/fc27/player/philipp-forster/8794;08/10/2026;En intégration;53;60;57;72;69;75;71;52;54;69;70;68;70;70;69;64;69;59;63;73;69;67;69;67;58;54;65;64;63;62;67;78;80;73;77;;;;;;;Philipp Forster;68;CAM;Milieu;https://www.futwiz.com/fc27/player/philipp-forster/8794;8794;Silver;;;IMPORTE;simule;fc27_futwiz;fc27_futwiz;fc27_futwiz;simule
PRO_051;Joshua Bitter;PROSPECT;;Défenseur;0;08/10/2026;10/02/2007;19;173;73.8;Droit;Ambitieux|Extraverti;Le Mur|Jeu aérien;français|espagnol;56;97;Projet sportif apprécié;53;40;Blessé;ROUGE;Indisponible;27/10/2026;2;PRO_027|PRO_039;PRO_015;fc27_futwiz;derive_fc27;mixte_voir_provenance.csv;https://www.futwiz.com/fc27/player/joshua-bitter/8793;08/10/2026;En intégration;70;68;69;60;50;60;47;40;42;51;57;66;40;67;55;49;61;59;59;60;58;55;60;57;62;69;70;69;60;67;81;83;81;82;82;;;;;;;Joshua Bitter;68;RB;Défenseur;https://www.futwiz.com/fc27/player/joshua-bitter/8793;8793;Silver;;;IMPORTE;simule;fc27_futwiz;fc27_futwiz;fc27_futwiz;simule
PRO_052;Joshua Mees;PROSPECT;;Milieu;0;08/10/2026;07/10/1998;28;184;72.4;Droit;Compétiteur|Discret;Métronome|Créateur;français|portugais;25;23;Temps de jeu souhaité;8;91;Disponible;VERT;Match et entraînement;;0;PRO_028|PRO_040;PRO_004;fc27_futwiz;derive_fc27;mixte_voir_provenance.csv;https://www.futwiz.com/fc27/player/joshua-mees/8792;08/10/2026;Tendue;74;62;67;72;70;65;60;60;55;66;68;68;45;67;58;66;65;72;71;66;68;68;65;68;35;54;25;32;24;32;61;64;53;52;56;;;;;;;Joshua Mees;68;CAM;Milieu;https://www.futwiz.com/fc27/player/joshua-mees/8792;8792;Silver;;;IMPORTE;simule;fc27_futwiz;fc27_futwiz;fc27_futwiz;simule
PRO_053;Matthias Zimmermann;PROSPECT;;Défenseur;0;08/10/2026;15/10/2006;19;168;67.0;Droit;Calme|Persévérant;Le Mur|Jeu aérien;français|anglais;91;62;Adaptation en cours;63;92;Disponible;VERT;Match et entraînement;;0;PRO_041|PRO_005;PRO_017;fc27_futwiz;derive_fc27;mixte_voir_provenance.csv;https://www.futwiz.com/fc27/player/matthias-zimmermann/8791;08/10/2026;Bonne cohésion;71;51;60;48;58;64;58;55;44;58;65;64;41;68;63;55;64;75;77;65;69;65;67;68;68;54;69;68;65;67;67;74;66;73;69;;;;;;;Matthias Zimmermann;68;RB;Défenseur;https://www.futwiz.com/fc27/player/matthias-zimmermann/8791;8791;Silver;;;IMPORTE;simule;fc27_futwiz;fc27_futwiz;fc27_futwiz;simule
PRO_054;Dawhan;PROSPECT;;Milieu;0;08/10/2026;21/05/2003;23;183;72.9;Droit;Discret|Compétiteur;Métronome|Créateur;français|portugais;56;78;Projet sportif apprécié;55;93;Disponible;VERT;Match et entraînement;;0;PRO_030|PRO_006;PRO_018;fc27_futwiz;derive_fc27;mixte_voir_provenance.csv;https://www.futwiz.com/fc27/player/dawhan/8790;08/10/2026;En intégration;69;71;70;48;49;61;52;48;54;52;65;62;52;72;67;52;66;73;82;66;66;59;59;64;64;57;65;61;68;63;71;80;72;73;74;;;;;;;Dawhan;68;CDM;Milieu;https://www.futwiz.com/fc27/player/dawhan/8790;8790;Silver;;;IMPORTE;simule;fc27_futwiz;fc27_futwiz;fc27_futwiz;simule
PRO_055;Lucas Maia;PROSPECT;;Défenseur;0;08/10/2026;17/12/2007;18;172;65.7;Gauche;Discret|Collectif;Le Mur|Jeu aérien;français|portugais;46;66;Projet sportif apprécié;39;87;Disponible;VERT;Match et entraînement;;2;PRO_019|PRO_031;PRO_043;fc27_futwiz;derive_fc27;mixte_voir_provenance.csv;https://www.futwiz.com/fc27/player/lucas-maia/8789;08/10/2026;En intégration;70;71;71;42;50;52;52;33;61;50;48;58;44;64;56;58;57;64;48;67;64;62;52;62;65;66;64;68;68;66;81;77;84;68;79;;;;;;;Lucas Maia;68;CB;Défenseur;https://www.futwiz.com/fc27/player/lucas-maia/8789;8789;Silver;;;IMPORTE;simule;fc27_futwiz;fc27_futwiz;fc27_futwiz;simule
PRO_056;Guy Mbenza;PROSPECT;;Attaquant;0;08/10/2026;14/06/2002;24;180;80.3;Droit;Calme|Meneur;Tir en finesse|Sprinteur;français|portugais;29;36;Temps de jeu souhaité;31;98;Disponible;VERT;Match et entraînement;;0;PRO_008|PRO_020;PRO_044;fc27_futwiz;derive_fc27;mixte_voir_provenance.csv;https://www.futwiz.com/fc27/player/guy-mbenza/8788;08/10/2026;Tendue;80;82;81;69;72;65;64;57;66;68;52;49;42;54;40;46;50;79;67;65;64;66;61;66;14;66;26;16;13;23;81;74;73;52;69;;;;;;;Guy Mbenza;68;ST;Attaquant;https://www.futwiz.com/fc27/player/guy-mbenza/8788;8788;Silver;;;IMPORTE;simule;fc27_futwiz;fc27_futwiz;fc27_futwiz;simule
PRO_057;Alexandru Cimpanu;PROSPECT;;Milieu;0;08/10/2026;09/07/1997;29;186;75.5;Gauche;Meneur|Calme;Métronome|Créateur;français|portugais;72;98;Projet sportif apprécié;61;58;Réathlétisation;ORANGE;Entraînement adapté;15/10/2026;4;PRO_045|PRO_021;PRO_033;fc27_futwiz;derive_fc27;mixte_voir_provenance.csv;https://www.futwiz.com/fc27/player/alexandru-cimpanu/8787;08/10/2026;Bonne cohésion;79;78;78;67;70;71;65;56;53;68;65;61;65;63;65;67;64;83;72;68;65;64;58;67;36;45;32;39;36;37;72;63;76;56;69;;;;;;;Alexandru Cimpanu;68;RM;Milieu;https://www.futwiz.com/fc27/player/alexandru-cimpanu/8787;8787;Silver;;;IMPORTE;simule;fc27_futwiz;fc27_futwiz;fc27_futwiz;simule
PRO_058;Lucas Possignolo;PROSPECT;;Défenseur;0;08/10/2026;08/02/2004;22;184;72.6;Droit;Ambitieux|Persévérant;Le Mur|Jeu aérien;français|espagnol;29;70;Projet sportif apprécié;8;97;Disponible;VERT;Match et entraînement;;1;PRO_010|PRO_046;PRO_034;fc27_futwiz;derive_fc27;mixte_voir_provenance.csv;https://www.futwiz.com/fc27/player/lucas-possignolo/8786;08/10/2026;Tendue;52;47;49;20;34;53;29;45;50;37;31;29;36;62;51;37;45;64;56;64;51;43;58;50;70;70;66;69;68;68;75;77;81;70;78;;;;;;;Lucas Possignolo;68;CB;Défenseur;https://www.futwiz.com/fc27/player/lucas-possignolo/8786;8786;Silver;Long Ball Pass|Jockey|Block|Aerial Fortress;;IMPORTE;simule;fc27_futwiz;fc27_futwiz;fc27_futwiz;simule
PRO_059;Bruno Viana;PROSPECT;;Défenseur;0;08/10/2026;17/05/2008;18;191;88.4;Droit;Compétiteur|Discret;Le Mur|Jeu aérien;français|anglais;40;84;Projet sportif apprécié;39;93;Disponible;VERT;Match et entraînement;;2;PRO_035|PRO_011;PRO_047;fc27_futwiz;derive_fc27;mixte_voir_provenance.csv;https://www.futwiz.com/fc27/player/bruno-viana/8785;08/10/2026;En intégration;68;64;66;34;36;57;37;39;52;41;42;43;42;68;62;44;54;53;55;69;58;51;66;55;67;72;67;66;65;67;74;75;77;72;75;;;;;;;Bruno Viana;68;CB;Défenseur;https://www.futwiz.com/fc27/player/bruno-viana/8785;8785;Silver;;;IMPORTE;simule;fc27_futwiz;fc27_futwiz;fc27_futwiz;simule
PRO_060;Zhang Yuning;PROSPECT;;Attaquant;0;08/10/2026;23/11/2003;22;186;77.4;Droit;Extraverti|Compétiteur;Tir en finesse|Sprinteur;français|portugais;53;47;Adaptation en cours;61;97;Disponible;VERT;Match et entraînement;;2;PRO_048|PRO_012;PRO_036;fc27_futwiz;derive_fc27;mixte_voir_provenance.csv;https://www.futwiz.com/fc27/player/zhang-yuning/8784;08/10/2026;En intégration;72;79;76;66;70;71;67;62;65;69;63;54;57;60;55;66;59;65;72;63;61;59;61;61;24;68;21;32;29;30;84;74;84;61;77;;;;;;;Zhang Yuning;68;ST;Attaquant;https://www.futwiz.com/fc27/player/zhang-yuning/8784;8784;Silver;;;IMPORTE;simule;fc27_futwiz;fc27_futwiz;fc27_futwiz;simule
